{
  "numericalFeatures": {
    "min": [
      0,
      0,
      0,
      0,
      0,
      0,
      0,
      0,
      0,
      0,
      11.978000000000002,
      12.58875,
      10.358393999999999,
      11.66055,
      12.058250000000001,
      13.0804
    ],
    "max": [
      5639,
      3060,
      5615,
      3064.5,
      690,
      840,
      0,
      0,
      650,
      630,
      1567.642,
      844.773,
      1452.6064000000001,
      829.3871,
      1661.2494,
      888.012
    ]
  },
  "targets": {
    "homePoints": {
      "min": 7,
      "max": 155
    },
    "awayPoints": {
      "min": 43,
      "max": 162
    }
  }
}