{
  "ratingFeatures": {
    "mean": [
      1500.3878627148326,
      1501.3961999435273,
      1579.2742952760973,
      1578.7828549362853,
      1422.0366842579483,
      1421.4433002960484,
      19.554382803449606,
      19.580898442527996,
      9.911056764062298,
      9.937572403140686,
      7.233749517312395,
      7.218818380743983,
      5.183550006435834,
      5.161539451666881,
      7.137083279701377,
      7.200540610117132,
      0.37626732847025074,
      0.3660418490300779,
      0.25754491376616623,
      0.2578367312331919,
      0.8138756596730596,
      0.4399536619899601,
      1.6634058437379329,
      1.6220877847856867,
      0.6107607156648217,
      0.6304543699317802,
      0.01690246131869316,
      -0.01690246131869324,
      1.3607257053064246,
      1.3405228466307593,
      1.3438232439877302,
      1.3574253079494518,
      26.29990989831381,
      26.239413051872827,
      26.11262710773587,
      26.207105161539452,
      0.29735666169266234,
      0.29049248234132163,
      0.41091340074448013,
      0.4133883111875625,
      0.291729937562861,
      0.29611920647112105,
      0.5938273017166614,
      0.5929406220830545,
      0.4691627431040207,
      0.46222778036880496,
      0.24092870843461925,
      0.2382403614886255,
      0.05740213331594365,
      0.055926236839707745,
      0.5291192263575949,
      0.5268725357739589,
      0.2837295241329003,
      0.2779424850594315,
      0.27614868385231117,
      0.28047090777508643,
      0.6655498101245187,
      0.662958705044843,
      0.17875574279125328,
      0.1755473115956398,
      0.38730199873098703,
      0.3806015687353688,
      0.4691627431040207,
      0.46222778036880496,
      0.2935600094231407,
      0.28739978527505494,
      0.17760145954401696,
      0.17732062154436928,
      0.2765869964204292,
      0.271488688995969,
      0.1819362029957085,
      0.18110142491143552,
      4.282404427854293,
      4.260522589779894,
      0.22798985108976916,
      0.2222611464646116,
      0.09171925224327976,
      0.0880979700504509
    ],
    "std": [
      51.25952365284256,
      50.97569402633441,
      56.67239304501934,
      56.744046527869294,
      57.45354729848582,
      57.201296506468424,
      10.068252555463504,
      10.083595788193604,
      5.055968643538053,
      5.096933003423233,
      4.430692383256903,
      4.468968947511373,
      3.3051027471532155,
      3.2802797582817815,
      4.6354975012609545,
      4.636116003295753,
      0.1874617963798539,
      0.17941358635787322,
      0.13920977808177115,
      0.14014441945458078,
      1.232673152136574,
      0.8412580285368214,
      2.1275702250699915,
      2.0932824951732965,
      1.0170980302619064,
      1.0314924320685075,
      0.7900518228551227,
      0.785505050341585,
      0.524852635222278,
      0.5160960790131544,
      0.5139200970208017,
      0.5259203318842399,
      15.472084694890377,
      15.515946197305151,
      15.608671986238653,
      15.595692048668656,
      0.16473261439540832,
      0.1564035857307598,
      0.16947226463495318,
      0.16807977613611552,
      0.1603141001455578,
      0.16170682424301147,
      0.16736047356066247,
      0.16513535413485994,
      0.29336346407531794,
      0.29291661035314,
      0.21170976724343038,
      0.20580175892525657,
      0.12263433765350416,
      0.11934136168012827,
      0.1782339866607766,
      0.17770272880181437,
      0.2094305124984228,
      0.20228891421774126,
      0.20019275148606172,
      0.20123595036440559,
      0.23854383144083913,
      0.2388040032654392,
      0.21099922890205908,
      0.20731228853118094,
      0.2420986246112778,
      0.23742651993975217,
      0.29336346407531794,
      0.29291661035314,
      0.40105508942178025,
      0.3917263352475544,
      0.21081822401745387,
      0.21096659977888346,
      0.16137530952346604,
      0.15667643655981545,
      0.2285432455535617,
      0.2287249261760091,
      3.5525295998075257,
      3.533316091132517,
      0.16865004224736777,
      0.15901481758740107,
      0.10544134596925978,
      0.09152327472077802
    ]
  },
  "numericalFeatures": {
    "min": [
      1,
      1,
      1.89
    ],
    "max": [
      56,
      55,
      3.95
    ]
  },
  "targets": {
    "homeScore": {
      "mean": 1.4864203887244176,
      "std": 1.2780923521510168
    },
    "awayScore": {
      "mean": 1.2148281632127687,
      "std": 1.1469711295368572
    }
  }
}