{
  "ratingFeatures": {
    "mean": [
      1536.7483011828258,
      1538.2343547446087,
      2141.5681063122925,
      2146.7029900332227,
      962.3249169435215,
      966.5388704318937,
      130.7920265780731,
      130.82126245847175,
      65.42392026578074,
      65.4531561461794,
      53.87308970099668,
      54.184717607973425,
      29.138870431893686,
      29.127574750830565,
      47.780066445182726,
      47.50897009966777,
      0.3877739201517727,
      0.38963471772197966,
      0.22267031181502536,
      0.22251241243746758,
      1.0990033222591362,
      0.3009966777408638,
      1.4358803986710964,
      1.4451827242524917,
      0.9149501661129568,
      0.9368770764119602,
      -0.004208606611762222,
      0.004208606611762203,
      1.5027386804917557,
      1.5078925487441275,
      1.5069472871035177,
      1.5036839421323642,
      203.96146179401993,
      204.7827242524917,
      189.11960132890366,
      188.60531561461795,
      0.31084157051523353,
      0.3117497916110133,
      0.3774136072735946,
      0.3774036684739143,
      0.31174482221117344,
      0.3108465399150739,
      0.5819908332178224,
      0.5821287681110856,
      0.609335835210017,
      0.6116782959805607,
      0.28563987674269015,
      0.2866024883292687,
      0.09385156906144752,
      0.09213257296612622,
      0.5522495043714221,
      0.5520694325056584,
      0.31154375899149994,
      0.31264802300634137,
      0.3058192153376659,
      0.304402345958233,
      0.7475751900378261,
      0.747955361511008,
      0.21739556412598862,
      0.21630055493344721,
      0.42393216656336014,
      0.4233541536440276,
      0.609335835210017,
      0.6116782959805607,
      0.40509870224888433,
      0.40056570086570015,
      0.24456671957367504,
      0.2443265618930723,
      0.2476886185849525,
      0.24865689636521282,
      0.26624486300272326,
      0.2665784744254433,
      30.73421926910299,
      30.704318936877076,
      0.25313708362707066,
      0.25450411238621495,
      0.07268448650992582,
      0.07283046365618785
    ],
    "std": [
      124.8318595169725,
      125.59705665359178,
      402.923643681129,
      405.9849924697473,
      231.63847722253882,
      232.47742429755718,
      31.924827655132713,
      31.848321167636005,
      16.06183108658866,
      16.0121413134138,
      25.688819654429572,
      25.883853129455577,
      9.163772964052523,
      9.104542535603796,
      14.51442636665533,
      14.529706742019043,
      0.1441235021398964,
      0.14542738392174004,
      0.04278177188486248,
      0.04243084118645208,
      1.0949137938375804,
      0.952230640485792,
      2.0404648122786258,
      2.0566281430465994,
      1.3302295710900054,
      1.3490499480369145,
      0.6955988592907095,
      0.7008808427905774,
      0.3951466877601737,
      0.3981222707930404,
      0.3338527906353995,
      0.3355171704260906,
      82.68257263252188,
      83.1346901811472,
      40.75097758247588,
      40.45035148425021,
      0.09527144020413916,
      0.09597525066990496,
      0.04954004358792395,
      0.04918304855898474,
      0.09088968769442735,
      0.09143647365835873,
      0.04188235551580773,
      0.04161051805468987,
      0.2235726839224665,
      0.22517650609879414,
      0.10907992349208445,
      0.1095747873797384,
      0.10559734610556379,
      0.1038981610047731,
      0.0542891630234302,
      0.054318081661906444,
      0.1113566094318473,
      0.11180265652105636,
      0.11906258886397213,
      0.11960425536111094,
      0.07740636918198196,
      0.07648404655216866,
      0.13619020824425515,
      0.13440637719684534,
      0.15514075779187442,
      0.15451989693729304,
      0.2235726839224665,
      0.22517650609879414,
      0.33071943665777714,
      0.3251375524546218,
      0.17641309162389432,
      0.17748804073804803,
      0.08280861441598103,
      0.08355183280414627,
      0.20968853892913747,
      0.21126792189716362,
      9.803100997873752,
      9.79590469475098,
      0.10813279947271509,
      0.10852185503071396,
      0.02793144638176839,
      0.028184628788725064
    ]
  },
  "numericalFeatures": {
    "min": [
      1,
      1,
      2.72
    ],
    "max": [
      50,
      50,
      2.72
    ]
  },
  "targets": {
    "homeScore": {
      "mean": 1.6418604651162791,
      "std": 1.3620296538152983
    },
    "awayScore": {
      "mean": 1.3687707641196014,
      "std": 1.2427416443601678
    }
  }
}