{
  "ratingFeatures": {
    "mean": [
      1499.5957452604537,
      1500.7100981391657,
      1582.2456678423555,
      1582.1926084956294,
      1417.7715074375096,
      1417.2137708940347,
      20.532893727955834,
      20.61079589020089,
      10.357460512191382,
      10.435362674436437,
      7.538874405765987,
      7.556203036344119,
      5.46618616776568,
      5.473547001993559,
      7.527833154424168,
      7.581045851863212,
      0.36863692791663305,
      0.36621968916664327,
      0.26508759255646064,
      0.2651991732769988,
      0.7685937739610489,
      0.47247354700199357,
      1.8333077748811533,
      1.8291673056279711,
      0.6442263456525072,
      0.6403925778254869,
      0.00518899413307719,
      -0.005188994133077218,
      1.3373909637787338,
      1.3309114438274636,
      1.3322019696456566,
      1.3361004379605386,
      27.41358687317896,
      27.454071461432296,
      27.411133261769667,
      27.538874405765988,
      0.2935299744711748,
      0.29257645092370105,
      0.41366463046650775,
      0.4141225187437392,
      0.2928053950623139,
      0.2933010303325568,
      0.5916566015738569,
      0.5925176048361976,
      0.47753338686581875,
      0.47807827686906496,
      0.24498683544862832,
      0.24397545692587355,
      0.058457776793273214,
      0.05699710382659945,
      0.5307607276547796,
      0.5295061025859776,
      0.2860896761753902,
      0.2855821425927811,
      0.2835907057970093,
      0.28391823297435526,
      0.6795579587400293,
      0.6779664606496577,
      0.18754450347898458,
      0.18402630947570975,
      0.39385622256708225,
      0.3932648227562696,
      0.47753338686581875,
      0.47807827686906496,
      0.3044600570655316,
      0.2980205171289091,
      0.18695099676367202,
      0.18560764224884432,
      0.2749025288541134,
      0.27363297183596313,
      0.19227780749092865,
      0.19065088251744047,
      4.510351173132955,
      4.509124367428308,
      0.22156348705909829,
      0.2202399173267281,
      0.09043007391466325,
      0.08960366324221287
    ],
    "std": [
      52.93043492290438,
      52.69101959351769,
      52.28176237964187,
      52.15404571600157,
      53.59084021164515,
      53.46922319494871,
      8.507997034564317,
      8.513609804572521,
      4.286184614934567,
      4.375788409996403,
      3.9514845604246043,
      3.9725644681732426,
      2.981072892628715,
      2.9638647451509295,
      4.2581402829516515,
      4.271304832571397,
      0.15755285920615586,
      0.15305766622109632,
      0.1212968140071298,
      0.11967195774472537,
      1.1827238740039474,
      0.8863763809703111,
      2.5220331199884938,
      2.5179524831958293,
      1.08880384275209,
      1.090149154666625,
      0.6345108998441681,
      0.6159115951207104,
      0.4359582551759608,
      0.43176957736719973,
      0.41582585039847025,
      0.4006615670612313,
      13.68351924775518,
      13.66690569820771,
      13.92258896994401,
      13.906805259711428,
      0.13631651942584913,
      0.13524694501571288,
      0.14178599024067007,
      0.14073701615713505,
      0.13485170389405754,
      0.13286421668394566,
      0.1372757400932781,
      0.13508184477840007,
      0.2760379493135359,
      0.2761542329248723,
      0.19510820274493884,
      0.19078957954775852,
      0.11556877360276062,
      0.11336600948039877,
      0.1482650175193845,
      0.1459982636744589,
      0.1872061361769599,
      0.1851937111653358,
      0.18291576632564374,
      0.18020757676826207,
      0.20968920240395497,
      0.20852795199434648,
      0.20615516573845372,
      0.20180901126937295,
      0.21868793951319654,
      0.21605585014039314,
      0.2760379493135359,
      0.2761542329248723,
      0.3801533730694017,
      0.3730891919902347,
      0.20667276200410142,
      0.20517748909198247,
      0.13553746042749096,
      0.13178710012471276,
      0.22682613252382064,
      0.22592332460533826,
      3.4431334737045582,
      3.4103342746822634,
      0.13831689942532924,
      0.13555987618149068,
      0.08111716997744069,
      0.07814134397693714
    ]
  },
  "numericalFeatures": {
    "min": [
      1,
      1,
      1.9
    ],
    "max": [
      56,
      55,
      3.79
    ]
  },
  "targets": {
    "homeScore": {
      "mean": 1.4683330777488115,
      "std": 1.2479525191451646
    },
    "awayScore": {
      "mean": 1.199969329857384,
      "std": 1.1180333025237426
    }
  }
}