{
  "ratingFeatures": {
    "mean": [
      1531.117348381443,
      1531.7357370520908,
      2138.155199287464,
      2138.7207748830997,
      956.6495212647517,
      958.1055444221777,
      136.6228011578713,
      136.64551324871965,
      68.34847472723224,
      68.3711868180806,
      54.94722778891116,
      54.9957693164106,
      32.40391894900913,
      32.444221776887105,
      49.27165441995101,
      49.20552215542195,
      0.38089240282156733,
      0.3812986459426305,
      0.23770557997784977,
      0.23791232249375438,
      1.2137608550434202,
      0.3152972611890448,
      1.6697840124693832,
      1.6610999777332442,
      0.8503674014696059,
      0.863059452237809,
      -0.0013604576519772465,
      0.0013604576519771906,
      1.4536708445944138,
      1.4541447866680914,
      1.45503130224641,
      1.4527843290161349,
      203.68937875751504,
      203.68537074148296,
      190.14584725005568,
      189.85303941215764,
      0.3011816777257536,
      0.3015793999852176,
      0.3972499576666344,
      0.3972278869114151,
      0.30156836460761005,
      0.3011927131033655,
      0.5873726320111898,
      0.5874214004982645,
      0.5866628062837991,
      0.5859338578927227,
      0.2857264677579035,
      0.28612602995347364,
      0.0760323227509117,
      0.0753767461016301,
      0.5458009925885983,
      0.5452700383621853,
      0.313152757073023,
      0.3130961427712288,
      0.31251698023647173,
      0.3125483624680498,
      0.7403428920320028,
      0.7403318218115166,
      0.21712013837667765,
      0.2171385466634113,
      0.4325283031346993,
      0.43209747287255984,
      0.5866628062837991,
      0.5859338578927227,
      0.36918478387850073,
      0.3678920388666713,
      0.235320058558559,
      0.23558396518798005,
      0.2567267903730257,
      0.2574125995178689,
      0.25803022686079163,
      0.25839691977450846,
      30.70028946782454,
      30.698062792251168,
      0.2420807928318925,
      0.24222114437585351,
      0.07966748649014778,
      0.07976248456306637
    ],
    "std": [
      119.56853284214853,
      119.5710063204473,
      412.4211454966256,
      412.6710911763709,
      235.14856484757016,
      235.15596380926004,
      36.2366323763217,
      36.19332433114388,
      18.226925286512497,
      18.204473548424822,
      27.2563659367158,
      27.195806157363624,
      10.78439221039812,
      10.79759304139893,
      15.58025303009459,
      15.63138128380132,
      0.14057185481271717,
      0.1408688238642041,
      0.046909752738407334,
      0.04685425939707402,
      1.6880254374106767,
      0.7460336862375423,
      2.7653456251064177,
      2.7717357914727123,
      1.6076696945446904,
      1.6134304366847037,
      0.6560481078023779,
      0.6577220473821308,
      0.42472060996232497,
      0.4273778707374599,
      0.3224763147914924,
      0.3220212408205498,
      85.04894746824866,
      85.0244603479556,
      42.03368211311518,
      41.868975802096664,
      0.09892628742089461,
      0.09955806618146043,
      0.06827933658822186,
      0.06851843124883183,
      0.08835227359362499,
      0.08850646653462213,
      0.05003911389366555,
      0.05000490510991309,
      0.21998535382988138,
      0.22034340070880634,
      0.11058363724003396,
      0.11080845054018479,
      0.0820812418792028,
      0.08099255617171681,
      0.06755076071184148,
      0.06761724386521323,
      0.1305020973491268,
      0.13061346122800394,
      0.11108717723281077,
      0.11130048649019283,
      0.09174121099836793,
      0.09130043509552879,
      0.11983975943043883,
      0.1191617237839756,
      0.1489999136415815,
      0.14873330489210962,
      0.21998535382988138,
      0.22034340070880634,
      0.2533995755269656,
      0.25011679472068726,
      0.16294910515746,
      0.16362276575403337,
      0.08039058134914451,
      0.08052056201887249,
      0.18937272095618948,
      0.18998786377487942,
      10.483040662554634,
      10.502860603706884,
      0.1167703091209133,
      0.11710734380546639,
      0.03389032471549574,
      0.03378592325869501
    ]
  },
  "numericalFeatures": {
    "min": [
      1,
      1,
      2.63
    ],
    "max": [
      50,
      50,
      3.22
    ]
  },
  "targets": {
    "homeScore": {
      "mean": 1.619015809396571,
      "std": 1.3552914721069826
    },
    "awayScore": {
      "mean": 1.2887998218659542,
      "std": 1.1995719038067643
    }
  }
}