{
  "numericalFeatures": {
    "min": [
      0,
      0,
      0,
      0,
      0,
      0,
      0,
      0,
      0,
      0,
      0,
      0,
      0,
      0,
      0,
      0
    ],
    "max": [
      482,
      241,
      481,
      240.5,
      40,
      60,
      0,
      0,
      50,
      50,
      131.7788,
      61.00064999999999,
      132.075,
      70.1775,
      137.4664,
      67.81739999999999
    ]
  },
  "targets": {
    "homePoints": {
      "min": 7,
      "max": 144
    },
    "awayPoints": {
      "min": 43,
      "max": 146
    }
  }
}