{
  "ratingFeatures": {
    "mean": [
      1498.6749763731677,
      1498.9380940079716,
      1575.3308740068105,
      1574.799943246311,
      1424.1705448354144,
      1423.567253121453,
      18.95771850170261,
      18.95204313280363,
      9.58172531214529,
      9.57604994324631,
      6.967366628830874,
      6.922531214528944,
      4.998013620885358,
      4.977582292849035,
      6.9923382519863795,
      7.051929625425653,
      0.3710391055463748,
      0.3670426197657728,
      0.2626060303091971,
      0.2612305190665109,
      0.8513053348467651,
      0.431044267877412,
      1.8708853575482407,
      1.8674801362088536,
      0.6932463110102156,
      0.7244608399545971,
      0.008739289892630394,
      -0.008739289892630434,
      1.3267452246740703,
      1.3213819035892818,
      1.318005934781429,
      1.3301211934819015,
      25.157775255391602,
      25.088819523269013,
      25.22900113507378,
      25.322077185017026,
      0.293214847010782,
      0.2921994549188449,
      0.41497420731130363,
      0.4141971888294462,
      0.29181094567791366,
      0.29360335625170714,
      0.5924087080887454,
      0.594310928687638,
      0.4808218409302305,
      0.47942562744450884,
      0.24749555627517317,
      0.2442035959253606,
      0.05874156444623065,
      0.05705020135053124,
      0.5290427440294376,
      0.5294135556300376,
      0.2863939524037426,
      0.2851957873193286,
      0.28199188195243724,
      0.2837794306953795,
      0.6744881392575078,
      0.6734967943257151,
      0.18808229076455427,
      0.18250893219394804,
      0.4041241791129092,
      0.3991996499873514,
      0.4808218409302305,
      0.47942562744450884,
      0.305565419657016,
      0.29660933489501046,
      0.18810457849159393,
      0.18644719487348854,
      0.27369880576672184,
      0.2702853032003627,
      0.1915049509287756,
      0.18933720731652498,
      4.060442678774121,
      4.0235527809307605,
      0.21950309133080625,
      0.21835161922537621,
      0.0961674852095359,
      0.09424114135118984
    ],
    "std": [
      52.620116280847355,
      52.580999343283466,
      50.00707725425537,
      49.72388562209176,
      48.455780719891514,
      48.768916586605485,
      6.532132661720551,
      6.548667350403778,
      3.3768870837364595,
      3.367510971106851,
      3.4973334727331147,
      3.4892347422765986,
      2.541761641155603,
      2.5348439561981673,
      3.6234822308049215,
      3.6560205224918465,
      0.1541313784371725,
      0.15233975331060748,
      0.11841294571702866,
      0.11694340208634056,
      1.2266067545795498,
      0.8259833607456875,
      2.707886327901673,
      2.74032780666312,
      1.1774218239822327,
      1.2279209512592464,
      0.6245148870865519,
      0.634141393606919,
      0.4392151395679727,
      0.43783394794611,
      0.3914499263453609,
      0.4004126300828373,
      12.313216012910182,
      12.230189098874035,
      12.014229598695419,
      12.045687742430477,
      0.13171540666481238,
      0.1363438559061927,
      0.1347698870093657,
      0.13458319317664041,
      0.12852027936405946,
      0.12881313063920374,
      0.12417289540816853,
      0.12399346118305068,
      0.28477234560788683,
      0.2875793309505289,
      0.1994348421875344,
      0.19437815975913414,
      0.12178800398917733,
      0.1180598272443771,
      0.13894340962917115,
      0.1378172579370543,
      0.1881937179528578,
      0.1861999935026243,
      0.17398163757137117,
      0.17479784269862844,
      0.20328542290846455,
      0.20201670827037302,
      0.21330531386268817,
      0.20707877805995176,
      0.21523483626563245,
      0.2140093376817464,
      0.28477234560788683,
      0.2875793309505289,
      0.39743562439823193,
      0.38664503259096356,
      0.20582663069667592,
      0.20670831473839715,
      0.12616727421315216,
      0.12294067481926814,
      0.22398536714830325,
      0.22481778879926853,
      3.0894774779351577,
      3.0615630498992106,
      0.13525614311217218,
      0.13396096882283542,
      0.07819211784192581,
      0.07795727076381939
    ]
  },
  "numericalFeatures": {
    "min": [
      1,
      1,
      1.92
    ],
    "max": [
      56,
      55,
      3.43
    ]
  },
  "targets": {
    "homeScore": {
      "mean": 1.4772985244040862,
      "std": 1.2375582722785026
    },
    "awayScore": {
      "mean": 1.1708286038592508,
      "std": 1.1055480226242045
    }
  }
}