{
  "ratingFeatures": {
    "mean": [
      1500.571243256855,
      1499.9096388936205,
      1565.8434038267876,
      1564.7965760322256,
      1435.6651560926484,
      1434.861530715005,
      16.51963746223565,
      16.47129909365559,
      8.34944612286002,
      8.30110775427996,
      6.146022155085599,
      6.069989929506546,
      4.328298086606243,
      4.2865055387714,
      6.045317220543807,
      6.114803625377643,
      0.3764678114871495,
      0.36824517944940915,
      0.25706010212169667,
      0.25351391600519396,
      0.9521651560926485,
      0.3957703927492447,
      1.6963746223564955,
      1.6550855991943605,
      0.702920443101712,
      0.7356495468277946,
      0.021928934502769185,
      -0.021928934502769684,
      1.3393991597853634,
      1.320721686136099,
      1.317470225282589,
      1.342650620638863,
      21.804128902316215,
      21.63141993957704,
      21.588620342396776,
      21.68026183282981,
      0.2881916760465516,
      0.2863299755143758,
      0.4265936532381985,
      0.42436304363995575,
      0.2852146707152524,
      0.2893069808456705,
      0.5867962065184069,
      0.5894374289297272,
      0.45902939753646693,
      0.4555157481646921,
      0.25899236110892715,
      0.2518832635186304,
      0.06015314089269094,
      0.059547416228354806,
      0.5357516661684325,
      0.5347417880108187,
      0.2933561837351242,
      0.2919829936147198,
      0.28451750359415257,
      0.2871734662460081,
      0.6763971901781343,
      0.677066225269985,
      0.17843366999117435,
      0.17337166634841786,
      0.4117101311327208,
      0.4060932570692962,
      0.45902939753646693,
      0.4555157481646921,
      0.2987399517765575,
      0.29246649880512865,
      0.17713112480727589,
      0.1753212912043748,
      0.2709664109444314,
      0.2642803161451964,
      0.17582240028184273,
      0.17355040144381761,
      3.47583081570997,
      3.4526686807653575,
      0.22409285583841543,
      0.22102295483630693,
      0.10085626625513044,
      0.09803597946491109
    ],
    "std": [
      51.41459136926868,
      51.17339713195045,
      37.89180214749561,
      38.14261292575708,
      33.96423337041315,
      33.87869273189076,
      3.965976532771696,
      3.954732785410055,
      2.128013459628049,
      2.0175386032439007,
      2.7272499026922183,
      2.7205598358874106,
      2.2182014669552474,
      2.207738193203084,
      2.5714288732584163,
      2.5582661051895497,
      0.16916363556435532,
      0.1656696087684964,
      0.1283972818140215,
      0.1252483517316328,
      1.4093015150194212,
      0.7572823592631236,
      2.434221640195415,
      2.39363178656021,
      1.1600784476699124,
      1.1870007589103972,
      0.6632081954864075,
      0.6674352218787964,
      0.46302108291502864,
      0.4535629420707119,
      0.41889459444149324,
      0.43522817532448627,
      7.785156627680872,
      7.839920289704968,
      6.868015643695324,
      6.844038954918268,
      0.14308778583474258,
      0.14729206240223375,
      0.14682406535258297,
      0.14813031038052674,
      0.13798084912943506,
      0.14114241890028117,
      0.14036950957406874,
      0.14142467442684775,
      0.29482572968179244,
      0.2969599869152733,
      0.21872356366065582,
      0.21326416434413104,
      0.12478812498763862,
      0.121261850737277,
      0.14721208712030667,
      0.14942060928821346,
      0.19731944492042613,
      0.19684622933517812,
      0.18787792452928181,
      0.19137130533663946,
      0.2166923457673975,
      0.21769976043061548,
      0.21920605381648317,
      0.21307189911121502,
      0.22832146846185036,
      0.22714861281648574,
      0.29482572968179244,
      0.2969599869152733,
      0.41309825174114984,
      0.4023157164749705,
      0.20164647121302803,
      0.20374001287657156,
      0.13709176126190056,
      0.1311558522305548,
      0.21162303007290728,
      0.2127633732110472,
      2.4138051133957195,
      2.390823642981402,
      0.14626338390476856,
      0.14265661589847778,
      0.08601742442056975,
      0.0878240947576913
    ]
  },
  "numericalFeatures": {
    "min": [
      1,
      1,
      2.29
    ],
    "max": [
      56,
      53,
      3.23
    ]
  },
  "targets": {
    "homeScore": {
      "mean": 1.500503524672709,
      "std": 1.241790665383708
    },
    "awayScore": {
      "mean": 1.1596173212487413,
      "std": 1.1007644759907975
    }
  }
}