{
  "ratingFeatures": {
    "mean": [
      1498.889632635149,
      1498.5689758421106,
      1564.849368318756,
      1563.9086491739554,
      1434.980563654033,
      1433.689990281827,
      15.863945578231293,
      15.832847424684159,
      8.039844509232264,
      8.008746355685131,
      5.908649173955296,
      5.848396501457726,
      4.012633624878523,
      3.9679300291545188,
      5.942662779397473,
      6.016520894071914,
      0.3833862364279359,
      0.3707439870900405,
      0.2482232541871766,
      0.24351629877686676,
      1.0301263362487851,
      0.39844509232264336,
      1.6375121477162293,
      1.5850340136054422,
      0.7074829931972789,
      0.7531584062196307,
      0.03636211883723681,
      -0.036362118837237264,
      1.3989630933595631,
      1.3697443896336288,
      1.362600974522331,
      1.4061065084708706,
      21.632653061224488,
      21.531584062196305,
      21.65694849368319,
      21.87463556851312,
      0.29057448850120793,
      0.288628621314148,
      0.4225274972115587,
      0.41906628315773536,
      0.2868980142872354,
      0.2923050955281186,
      0.6049562692683099,
      0.6078717190698789,
      0.4819522181126722,
      0.47683071705836944,
      0.25693359205781025,
      0.2481558948790379,
      0.052513173202839734,
      0.05270640188298856,
      0.5440959741687035,
      0.5462830345776504,
      0.2997917812722586,
      0.29947687225927316,
      0.2880819892127212,
      0.2934687916143685,
      0.6812971255383505,
      0.686762257841163,
      0.15839243781313603,
      0.15164702595844284,
      0.400650830019862,
      0.39456376151087647,
      0.4819522181126722,
      0.47683071705836944,
      0.26341878421881576,
      0.25705982972442015,
      0.14681288008167215,
      0.1486606341126434,
      0.2681415040533455,
      0.2556680197561789,
      0.1506755522276572,
      0.15112774041586405,
      3.2643343051506317,
      3.248785228377065,
      0.2340697975101919,
      0.22948705380176188,
      0.0946294569980777,
      0.09195946428472214
    ],
    "std": [
      50.291234076529186,
      49.80448961688681,
      38.054276261385496,
      38.228119601957935,
      36.06202964061865,
      35.586821614112395,
      4.296466374255054,
      4.293332204242094,
      2.254757711448989,
      2.195259775919367,
      2.663399302190247,
      2.6741300782935093,
      2.3045220604267938,
      2.2954600248993056,
      2.7158279013017945,
      2.6879711072248824,
      0.18760412160824305,
      0.18124390268578175,
      0.1478595420211231,
      0.14460242646109514,
      1.5562239326798633,
      0.7315183247358954,
      2.380229556490715,
      2.3419546801376807,
      1.1559422598962996,
      1.1859651546674275,
      0.7245639996241519,
      0.72819844050753,
      0.5245572407938105,
      0.5032892343393366,
      0.458767466187517,
      0.4730913538031063,
      8.083814039415506,
      8.14185597843303,
      7.636538351660083,
      7.55020951629037,
      0.16430295576534854,
      0.1696739960304732,
      0.1670286969498518,
      0.16854297300501422,
      0.1509882351069252,
      0.15522788249271816,
      0.15495245559960721,
      0.15587472266500763,
      0.314942153468163,
      0.31651136316696116,
      0.23317709277735235,
      0.2259263507148278,
      0.12044865176469594,
      0.11098093216676795,
      0.16995587452503227,
      0.17128687376851717,
      0.2108895470743104,
      0.20738404921006456,
      0.19013447706302578,
      0.1968175076281016,
      0.23667547891486768,
      0.23411279387945805,
      0.211712026527512,
      0.19912481172545493,
      0.22121842827581809,
      0.219839238755536,
      0.314942153468163,
      0.31651136316696116,
      0.39677033486838836,
      0.3705439329880912,
      0.17742660718119,
      0.18733809419839378,
      0.1587637348898098,
      0.1469538032320295,
      0.1934370428206718,
      0.2003315941802549,
      2.27251740235853,
      2.242428353122491,
      0.1656666630058316,
      0.15824279913045625,
      0.09302506112313189,
      0.09622688410766943
    ]
  },
  "numericalFeatures": {
    "min": [
      1,
      1,
      2.34
    ],
    "max": [
      56,
      53,
      3.23
    ]
  },
  "targets": {
    "homeScore": {
      "mean": 1.595724003887269,
      "std": 1.2882896299620437
    },
    "awayScore": {
      "mean": 1.1729834791059282,
      "std": 1.1296898534270436
    }
  }
}