{
  "ratingFeatures": {
    "mean": [
      1514.4633478207982,
      1514.9293067818332,
      2073.41225,
      2073.324875,
      967.6300625,
      968.4905,
      126.7271875,
      126.6645625,
      63.4255,
      63.362875,
      49.4526875,
      49.448125,
      30.3676875,
      30.3705,
      46.9068125,
      46.8459375,
      0.37939174856296415,
      0.37948325143701883,
      0.2410300151277921,
      0.2412199848722226,
      0.95725,
      0.5465625,
      1.74825,
      1.7455,
      0.6925,
      0.6963125,
      -0.00036751507628590436,
      0.00036751507628658264,
      1.4475059998369826,
      1.4473690001631585,
      1.4478735149132302,
      1.4470014850868362,
      187.228625,
      187.125875,
      181.3654375,
      181.15225,
      0.3021970616468462,
      0.30236543835315616,
      0.39542700411235077,
      0.3954479958876219,
      0.3023759342407911,
      0.3021865657592119,
      0.5940832837344747,
      0.5942917162655772,
      0.5781669908411695,
      0.577556361028432,
      0.28597238921766055,
      0.28570112751385685,
      0.07267809660766225,
      0.07258294521485269,
      0.5508863821434923,
      0.5507386178565334,
      0.3151945956758674,
      0.31496742432762054,
      0.31703999085086626,
      0.3171660761406756,
      0.7527527269442839,
      0.7525738737892558,
      0.21384864208595697,
      0.21382252930184345,
      0.43673674225332665,
      0.43685882620387373,
      0.5781669908411695,
      0.577556361028432,
      0.3592048353012811,
      0.35898841973154727,
      0.22223248694534795,
      0.22260644838991842,
      0.2557133371475903,
      0.2559741628524191,
      0.23864914451726893,
      0.239254388647502,
      29.5605,
      29.564375,
      0.24225734201552315,
      0.24224265798445913,
      0.07988932961762582,
      0.07992317038237344
    ],
    "std": [
      113.30533852173768,
      113.32876581497614,
      325.92106298908874,
      326.55577560538734,
      246.74514069935927,
      246.97075922009634,
      36.55549392143189,
      36.623434016809796,
      18.396108956787717,
      18.388836878236088,
      22.02138759314146,
      22.040767545264465,
      10.124987328502735,
      10.140511809075141,
      16.86856184118375,
      16.90469468065271,
      0.11893268015476262,
      0.11920776486818709,
      0.04598994861024406,
      0.045968765390724226,
      1.5813514591957312,
      1.1414166345353134,
      2.8054851518943336,
      2.820213600066517,
      1.2213491515533264,
      1.2178203489610862,
      0.5429711741109343,
      0.5444588338942444,
      0.3491760680252346,
      0.35070516782186834,
      0.2755395577742103,
      0.27526741149353384,
      74.3822978309326,
      74.5084426792314,
      58.0828128014942,
      58.1203799878956,
      0.08436857937336346,
      0.08477989439230427,
      0.055160361297248835,
      0.055319868092808255,
      0.07997788583076,
      0.08022726671060275,
      0.046073545223739555,
      0.04627259021000267,
      0.1955824738594573,
      0.19606519331166702,
      0.11466275550871459,
      0.11489965647615863,
      0.07933172925828402,
      0.07933916462084968,
      0.06316035992326972,
      0.06339504220351569,
      0.11848735832925857,
      0.11843571446037333,
      0.10863867772616104,
      0.10885483308915277,
      0.09424376901635115,
      0.0941310909689298,
      0.12761198834934262,
      0.1277360583259177,
      0.13774662161765658,
      0.1380320123691611,
      0.1955824738594573,
      0.19606519331166702,
      0.2567715388570074,
      0.25678821318993206,
      0.14600148104145746,
      0.14674758625135925,
      0.0716332088825413,
      0.07177132014504366,
      0.1727605961115774,
      0.17368293904252935,
      11.895423058891167,
      11.919306014167736,
      0.09889849734163367,
      0.09914131354823252,
      0.03257403611470207,
      0.03248544763234429
    ]
  },
  "numericalFeatures": {
    "min": [
      1,
      1,
      2.52
    ],
    "max": [
      50,
      50,
      3.36
    ]
  },
  "targets": {
    "homeScore": {
      "mean": 1.6078125,
      "std": 1.3348226342265752
    },
    "awayScore": {
      "mean": 1.2870625,
      "std": 1.1867635068090383
    }
  }
}