{
  "ratingFeatures": {
    "mean": [
      1499.568829934754,
      1500.7090483317922,
      1583.734419487504,
      1583.7008857956343,
      1416.41395128124,
      1415.8850047453338,
      20.871559633027523,
      20.945903195191395,
      10.52799746915533,
      10.602341031319202,
      7.667035748180956,
      7.686807972160708,
      5.552515026890225,
      5.554096804808605,
      7.652008857956343,
      7.704998418222082,
      0.3685491720745874,
      0.3666612043885655,
      0.26512334376936864,
      0.26445590330434027,
      0.7749130022144891,
      0.4705789307181272,
      1.8267953179373615,
      1.8255298956026573,
      0.6440999683644416,
      0.6393546346093009,
      0.004818228737818128,
      -0.004818228737818169,
      1.3371425220287323,
      1.330842292903252,
      1.3323242932909123,
      1.3356605216410675,
      27.89734261309712,
      27.939734261309713,
      27.876146788990827,
      27.998892755457135,
      0.2933470693528333,
      0.2930180049907257,
      0.41346115174541787,
      0.41380869956746097,
      0.29319177890174536,
      0.29317329544180987,
      0.5914644563456605,
      0.5920217821864412,
      0.47999944465638356,
      0.4811942445821998,
      0.24702161567054862,
      0.24603827479692147,
      0.05853743977216864,
      0.0573423068996805,
      0.5308182520916682,
      0.5299220199741319,
      0.2860787583414847,
      0.2860240350740706,
      0.28322016632414876,
      0.2842130344876816,
      0.6800627593328072,
      0.679383010963857,
      0.18844921903741788,
      0.18450329530154713,
      0.3971531683404324,
      0.39706231723543306,
      0.47999944465638356,
      0.4811942445821998,
      0.30552409858175605,
      0.299187909100909,
      0.18688576037098967,
      0.18570276084086376,
      0.27416310222918205,
      0.2728157019467103,
      0.192022959675541,
      0.19059223176475748,
      4.587155963302752,
      4.58415058525783,
      0.22144871289365856,
      0.22034185970994385,
      0.09101034574323665,
      0.09057775928681575
    ],
    "std": [
      53.21876971614773,
      53.00576898352631,
      52.09308809848692,
      51.94412618708707,
      53.18365405018616,
      53.06484515753202,
      8.270342290251108,
      8.275693828001613,
      4.171420677215574,
      4.259204546767123,
      3.9004155038260326,
      3.9195056427474997,
      2.939737052931549,
      2.9248739320911405,
      4.209448770431408,
      4.220789264296581,
      0.15562121900052253,
      0.15120802423400442,
      0.11995965049644641,
      0.11811090834312095,
      1.190273589688231,
      0.8901218668554316,
      2.539387319496886,
      2.535498040302362,
      1.0841839096262778,
      1.0850956399116303,
      0.6310902628865137,
      0.6081411391316391,
      0.43166049819378943,
      0.4240723948134381,
      0.4116736782904738,
      0.3958177837714529,
      13.510903275964704,
      13.491499888555438,
      13.711736169593081,
      13.697614495742704,
      0.1342713061732275,
      0.13384113142983725,
      0.13956415525042482,
      0.13857003809440938,
      0.13323286931547454,
      0.13047654078622958,
      0.1360327776221558,
      0.13386419878710218,
      0.2735758001289037,
      0.27387790324758204,
      0.19438513261690255,
      0.18978656898289806,
      0.1146573334547552,
      0.11311531987568045,
      0.1464365880380918,
      0.14378884448246748,
      0.18375544622585013,
      0.18178687950062683,
      0.18013098677818679,
      0.17822300195498383,
      0.20760767384233494,
      0.20581072869799205,
      0.2054003044760577,
      0.200698526076135,
      0.21657917702187293,
      0.21384042534871023,
      0.2735758001289037,
      0.27387790324758204,
      0.3775354045063384,
      0.37184523664793023,
      0.2043502155134455,
      0.2033791375333383,
      0.13287652136253242,
      0.12968735848626065,
      0.22458449263962313,
      0.22410021046096323,
      3.43794072413792,
      3.4051000114605285,
      0.13626396812259906,
      0.1332139816017503,
      0.07974136397786015,
      0.07859082359805654
    ]
  },
  "numericalFeatures": {
    "min": [
      1,
      1,
      1.9
    ],
    "max": [
      56,
      55,
      3.79
    ]
  },
  "targets": {
    "homeScore": {
      "mean": 1.4664663081303384,
      "std": 1.247546840340208
    },
    "awayScore": {
      "mean": 1.201518506801645,
      "std": 1.1155387363549685
    }
  }
}