{
  "ratingFeatures": {
    "mean": [
      1499.5752546738881,
      1499.0273466119372,
      1565.1224832214766,
      1564.1988255033557,
      1435.0478187919464,
      1433.9630872483222,
      16.052852348993287,
      16.024328859060404,
      8.12751677852349,
      8.098993288590604,
      5.9614093959731544,
      5.89513422818792,
      4.14261744966443,
      4.101510067114094,
      5.948825503355705,
      6.027684563758389,
      0.3808218378019652,
      0.36917816219803395,
      0.25205413868758103,
      0.24794586131242158,
      1.0184563758389262,
      0.4546979865771812,
      1.6375838926174497,
      1.580536912751678,
      0.7231543624161074,
      0.764261744966443,
      0.032138963515731145,
      -0.032138963515731436,
      1.3830832132966926,
      1.356010746434854,
      1.3509442497809605,
      1.3881497099505846,
      21.691275167785236,
      21.574664429530202,
      21.66694630872483,
      21.83724832214765,
      0.288699916088414,
      0.2859645134417882,
      0.4265647315065192,
      0.4241064094330804,
      0.2847353524050684,
      0.28992907712513305,
      0.5925019018759283,
      0.595417561211318,
      0.4685704819331603,
      0.4632045816854962,
      0.2582002724966618,
      0.24943860489587008,
      0.0570214446955183,
      0.05697083837924951,
      0.5464892837573019,
      0.5474704477863229,
      0.2972936995854485,
      0.2963584722395436,
      0.2828143200539892,
      0.2874756663831331,
      0.6759194427072155,
      0.6796951054865563,
      0.17721614344687278,
      0.17007935716327435,
      0.40321810279251563,
      0.39689938626355636,
      0.4685704819331603,
      0.4632045816854962,
      0.29125903283790966,
      0.28402103392177364,
      0.1654316914520844,
      0.1652311049445281,
      0.2650002217386713,
      0.2542950802747516,
      0.16927444744323483,
      0.16804150709403995,
      3.373322147651007,
      3.3406040268456376,
      0.2308345158243437,
      0.22638024927632783,
      0.0983693421542015,
      0.09542260415452444
    ],
    "std": [
      52.65132108847748,
      52.01305979093289,
      37.68010571890649,
      37.842639101825654,
      35.44840132243134,
      35.09211722224864,
      4.105127574268302,
      4.114173249807982,
      2.160625656976296,
      2.120592308344525,
      2.671974992883782,
      2.676314796137228,
      2.3526643174426707,
      2.338529998078303,
      2.7343021077654788,
      2.707819649866779,
      0.18694348954736503,
      0.18050899175881904,
      0.1456313554560319,
      0.14264546168128686,
      1.563959106569966,
      0.7791072649285188,
      2.3076027396490533,
      2.269632553187811,
      1.2527288802103822,
      1.2753330760940398,
      0.7087814404039992,
      0.7085917103715382,
      0.5106858415848202,
      0.4897380275194627,
      0.4453950034617927,
      0.4607819268902799,
      7.89711469598853,
      7.962862356013397,
      7.388703154081282,
      7.338554651603934,
      0.15886240392213366,
      0.16370542930377519,
      0.16021189907499014,
      0.16209644025629835,
      0.1446939589857845,
      0.15010981245291885,
      0.15277902345605615,
      0.15398465076995507,
      0.31329194925002335,
      0.3137771517421827,
      0.23007416090048152,
      0.22336387616167627,
      0.11681256201904348,
      0.1107679828603544,
      0.16366811666828762,
      0.16570177378796352,
      0.20759459041187123,
      0.20469276918695153,
      0.19352441918420285,
      0.1991839413059591,
      0.22735272224348083,
      0.2254474524871144,
      0.22848749112978803,
      0.21828872350741862,
      0.2239876527022282,
      0.22274414600610637,
      0.31329194925002335,
      0.3137771517421827,
      0.39943093644842,
      0.3820342842159575,
      0.1974018284409249,
      0.20265362240565502,
      0.15246697693381875,
      0.14232170879124253,
      0.2100238256275092,
      0.21343588961144427,
      2.3396336481659405,
      2.3138253077133273,
      0.16209031017365275,
      0.15542259344000708,
      0.09107479064328099,
      0.09371590429415379
    ]
  },
  "numericalFeatures": {
    "min": [
      1,
      1,
      2.34
    ],
    "max": [
      56,
      53,
      3.23
    ]
  },
  "targets": {
    "homeScore": {
      "mean": 1.5620805369127517,
      "std": 1.2702738568380325
    },
    "awayScore": {
      "mean": 1.1770134228187918,
      "std": 1.1096171144856377
    }
  }
}