{
  "ratingFeatures": {
    "mean": [
      1514.2188144810905,
      1514.4314732700605,
      2077.7866964592645,
      2077.1493640426265,
      963.8006187693366,
      964.1876933654177,
      127.52360490431992,
      127.44419617279706,
      63.82995301936519,
      63.75054428784233,
      49.693823765326,
      49.65692677896184,
      30.684141171078263,
      30.678984759940416,
      47.14563996791566,
      47.10828463389481,
      0.3790842283210444,
      0.37902279585679277,
      0.24182590490600017,
      0.24196004673834173,
      1.039074137733471,
      0.5346052480806692,
      1.6969176120087086,
      1.6915893204995989,
      0.7089492379970207,
      0.7155379855620488,
      0.0001390251369105225,
      -0.00013902513690982146,
      1.4517191915471812,
      1.4511111052329966,
      1.4515801664102763,
      1.4512501303699115,
      188.63486879798327,
      188.4462587372522,
      182.693823765326,
      182.54096482181734,
      0.3037428148121857,
      0.303682417226321,
      0.3925579002213612,
      0.39259163570160666,
      0.3036992849664425,
      0.3037259470720618,
      0.5943662849439831,
      0.5944729496154908,
      0.5786929259257657,
      0.5778196465606501,
      0.28588630829578204,
      0.2857105788982438,
      0.07366914194248479,
      0.0735422288802397,
      0.5534207913535386,
      0.553259625742844,
      0.31585394948686657,
      0.31554570417971783,
      0.31694795057080916,
      0.3171582291335088,
      0.7544949650082606,
      0.7543457592728144,
      0.21763173590265344,
      0.21757105943183044,
      0.43772522654523816,
      0.437820613902656,
      0.5786929259257657,
      0.5778196465606501,
      0.3649700197876246,
      0.3646555171923103,
      0.22636227665643924,
      0.22687352612046596,
      0.25436462545295296,
      0.25451586039556384,
      0.24328453235437303,
      0.24395623151476187,
      29.843760742523205,
      29.835510484702645,
      0.243104541486152,
      0.2429731484416346,
      0.0789309920933274,
      0.07896977563900028
    ],
    "std": [
      113.17315429462482,
      113.38283471883815,
      322.71420065393977,
      323.3977877428794,
      242.84915516932406,
      243.27392090207874,
      33.96332907288594,
      34.047824219503795,
      17.120196849684902,
      17.09779477977979,
      21.547230273844313,
      21.56754305839711,
      9.582548516175699,
      9.601813260996417,
      16.298538640618684,
      16.349212287172264,
      0.11844612397201575,
      0.1187883868728741,
      0.04490478101883289,
      0.04491197655866696,
      1.738379569934817,
      1.1056434717146704,
      2.7058612749630364,
      2.7208756033778783,
      1.2224613360653749,
      1.2216920947308432,
      0.5461892691763193,
      0.548098759875749,
      0.347692760573909,
      0.34933364328102856,
      0.27534658089408426,
      0.27544187076540455,
      71.4789539848865,
      71.62227570807683,
      54.39070079000827,
      54.47621997749206,
      0.08418991636977836,
      0.08458588636731781,
      0.054416801372033766,
      0.05450907069392539,
      0.07983181016547042,
      0.08017048077690248,
      0.04543779793349125,
      0.04557593718766857,
      0.19396256148405033,
      0.19445854723501435,
      0.11855385039999518,
      0.11890649504748876,
      0.08405520886792986,
      0.08396017806831571,
      0.06231902946123876,
      0.06259287208918696,
      0.11821738706112568,
      0.11820259816212939,
      0.1081694313807249,
      0.10839033511002635,
      0.0910485145444255,
      0.09104593786873429,
      0.12923022392685463,
      0.12938499061514744,
      0.14130447454694317,
      0.14166359661400196,
      0.19396256148405033,
      0.19445854723501435,
      0.2686851666007811,
      0.268583087147445,
      0.14775365211159736,
      0.14861828147194162,
      0.07099661402551441,
      0.07118413577423426,
      0.17456440437148035,
      0.17562616352956573,
      11.201092552235641,
      11.228872935739867,
      0.09865687126820459,
      0.09894259110223508,
      0.03102040206378397,
      0.03098591363651653
    ]
  },
  "numericalFeatures": {
    "min": [
      1,
      1,
      2.52
    ],
    "max": [
      50,
      50,
      3.36
    ]
  },
  "targets": {
    "homeScore": {
      "mean": 1.6124097628050877,
      "std": 1.3371868810111205
    },
    "awayScore": {
      "mean": 1.29042053397502,
      "std": 1.1881268330651407
    }
  }
}