{
  "ratingFeatures": {
    "mean": [
      1514.4418749727236,
      1514.9002417727172,
      2074.6707811233714,
      2074.5401159528706,
      966.2666292625148,
      967.0697587432205,
      126.97986409824824,
      126.91665108160339,
      63.55146187893523,
      63.488248862290384,
      49.546973380711925,
      49.5415497786921,
      30.424537123620723,
      30.42316563805249,
      47.008353593915594,
      46.9519356648588,
      0.3794178090535673,
      0.37951243220320485,
      0.24099198562066376,
      0.2411475318657999,
      0.9753756000249361,
      0.5510254971635185,
      1.8008228913409388,
      1.7962720528645346,
      0.7116763294058974,
      0.716289508135403,
      -0.0003248140101381941,
      0.0003248140101389559,
      1.4483005003492586,
      1.4481523392493663,
      1.4486253143594114,
      1.4478275252392434,
      187.65812605199176,
      187.5505267751387,
      181.80992456829375,
      181.60625896141138,
      0.30222620139737066,
      0.30241191343337614,
      0.39536823758977446,
      0.39535553274871077,
      0.302405561012848,
      0.3022325538179073,
      0.5939417866126211,
      0.5941387569944087,
      0.5782736666649958,
      0.5775830547816276,
      0.28601053430103573,
      0.28573133020813807,
      0.0726740616835352,
      0.07256359238541948,
      0.5512751446336266,
      0.5511498912120362,
      0.3152653028687465,
      0.31501949010852986,
      0.31708399124713155,
      0.3172617454483137,
      0.7528911357401651,
      0.7527432019114331,
      0.2138795581657299,
      0.21383566685101874,
      0.43675251859133446,
      0.43689096492955876,
      0.5782736666649958,
      0.5775830547816276,
      0.35922768153280005,
      0.35896285162185615,
      0.22221557761787242,
      0.2226157392779347,
      0.25547115142177945,
      0.25571892400993507,
      0.23864835816178276,
      0.23927050067057126,
      29.63044697961474,
      29.63923695530204,
      0.24236306368491234,
      0.24233240417866284,
      0.07979623781915578,
      0.0798571503736001
    ],
    "std": [
      113.0354867857179,
      113.07202485576398,
      325.54902831904855,
      326.1369016620658,
      246.6806730236548,
      246.9170944905305,
      36.408157383696036,
      36.47626311545859,
      18.323077365866936,
      18.314519084814986,
      21.98469986065789,
      22.001236225011095,
      10.10287740195959,
      10.119704807354733,
      16.863764836690585,
      16.901298273322887,
      0.11885839180636765,
      0.11911963851140832,
      0.04602945073061143,
      0.04601632815231131,
      1.5653834578514292,
      1.1384021502989263,
      2.8826845610518865,
      2.894937498040334,
      1.2336203942346313,
      1.230694280848068,
      0.5430544820896464,
      0.5444674873955173,
      0.3487925903336475,
      0.3502453961894591,
      0.27566258974188784,
      0.275415889923137,
      74.15301229751323,
      74.27099614018195,
      57.87558021620922,
      57.91725260957202,
      0.08422247337165695,
      0.08463973033047917,
      0.055056452794783065,
      0.05520100557691771,
      0.08006722061742651,
      0.08031458047451094,
      0.046134814754032916,
      0.04633905734517863,
      0.1954385531740432,
      0.195914249811204,
      0.11457480765286521,
      0.11481354592027646,
      0.07922718850781447,
      0.07923864300148305,
      0.06298620342103255,
      0.06322038861907336,
      0.11835991992294875,
      0.11829051564015258,
      0.1087274165929694,
      0.10894142252422234,
      0.09404114853318926,
      0.09392524642698948,
      0.1274626779859211,
      0.12758208702242607,
      0.1376710625920407,
      0.13792440447622362,
      0.1954385531740432,
      0.195914249811204,
      0.2564445253684514,
      0.25646704296252676,
      0.14583014137229777,
      0.14656596779315076,
      0.07143896753817633,
      0.07158573412148601,
      0.1725532215197887,
      0.1734687713779608,
      11.830434700123577,
      11.850231318906927,
      0.09888016371453999,
      0.0990968297694008,
      0.03241170187912533,
      0.03235772277372354
    ]
  },
  "numericalFeatures": {
    "min": [
      1,
      1,
      2.52
    ],
    "max": [
      50,
      50,
      3.36
    ]
  },
  "targets": {
    "homeScore": {
      "mean": 1.6090642728009477,
      "std": 1.3350646928996148
    },
    "awayScore": {
      "mean": 1.2873885667975813,
      "std": 1.1865762779228395
    }
  }
}